{"count":1,"self":300.63598079999997,"total":612.3573284,"children":{"InitializeActuators":{"count":50,"self":0.0015,"total":0.0015,"children":null},"InitializeSensors":{"count":50,"self":0.003534,"total":0.003534,"children":null},"AgentSendState":{"count":50684,"self":38.7066784,"total":43.8948336,"children":{"CollectObservations":{"count":506850,"self":0.1667267,"total":0.1667267,"children":null},"WriteActionMask":{"count":506850,"self":0.2768197,"total":0.2768197,"children":null},"RequestDecision":{"count":506850,"self":0.84729789999999994,"total":4.7446074,"children":{"AgentInfo.ToProto":{"count":506850,"self":0.6109711,"total":3.8973095,"children":{"GenerateSensorData":{"count":506850,"self":2.3028885999999997,"total":3.2863384,"children":{"RayPerceptionSensor.Perceive":{"count":506850,"self":0.98344979999999993,"total":0.98344979999999993,"children":null}}}}}}}}},"DecideAction":{"count":50684,"self":266.8441856,"total":266.8441881,"children":null},"AgentAct":{"count":50684,"self":0.8442381,"total":0.87384679999999992,"children":{"AgentInfo.ToProto":{"count":1109,"self":0.0094669,"total":0.029608699999999998,"children":{"GenerateSensorData":{"count":1109,"self":0.0166375,"total":0.020141799999999998,"children":{"RayPerceptionSensor.Perceive":{"count":1109,"self":0.0035042999999999997,"total":0.0035042999999999997,"children":null}}}}}}},"AgentInfo.ToProto":{"count":5290,"self":0.0350068,"total":0.10345209999999999,"children":{"GenerateSensorData":{"count":5290,"self":0.0548516,"total":0.0684453,"children":{"RayPerceptionSensor.Perceive":{"count":5290,"self":0.0135937,"total":0.0135937,"children":null}}}}}},"gauges":{"FlappyBird.CumulativeReward":{"count":6399,"max":20.0000343,"min":-1.70000029,"runningAverage":5.20555,"value":2.47999978,"weightedAverage":7.775019}},"metadata":{"timer_format_version":"0.1.0","start_time_seconds":"1712560398","unity_version":"2022.3.20f1","command_line_arguments":"C:\\Program Files\\Unity\\Hub\\Editor\\2022.3.20f1\\Editor\\Unity.exe -projectpath D:\\GameProgramming_AI\\MLAgent_Practice -useHub -hubIPC -cloudEnvironment production","communication_protocol_version":"1.5.0","com.unity.ml-agents_version":"2.3.0-exp.3","scene_name":"FlappyBird","end_time_seconds":"1712561010"}}